id,set,series,publisher,generation,release_date,artist,name,set_num,types,supertype,subtypes,level,hp,evolvesFrom,evolvesTo,abilities,attacks,weaknesses,retreatCost,convertedRetreatCost,rarity,flavorText,nationalPokedexNumbers,legalities,resistances,rules,regulationMark,ancientTrait
base1-1,Base,Base,WOTC,First,1/9/1999,Ken Sugimori,Alakazam,1,['Psychic'],Pokémon,['Stage 2'],42.0,80.0,Kadabra,,"[{'name': 'Damage Swap', 'text': ""As often as you like during your turn (before your attack), you may move 1 damage counter from 1 of your Pokémon to another as long as you don't Knock Out that Pokémon. This power can't be used if Alakazam is Asleep, Confused, or Paralyzed."", 'type': 'Pokémon Power'}]","[{'name': 'Confuse Ray', 'cost': ['Psychic', 'Psychic', 'Psychic'], 'convertedEnergyCost': 3, 'damage': '30', 'text': 'Flip a coin. If heads, the Defending Pokémon is now Confused.'}]","[{'type': 'Psychic', 'value': '×2'}]","['Colorless', 'Colorless', 'Colorless']",3.0,Rare Holo,Its brain can outperform a supercomputer. Its intelligence quotient is said to be 5000.,[65],{'unlimited': 'Legal'},,,,
base1-2,Base,Base,WOTC,First,1/9/1999,Ken Sugimori,Blastoise,2,['Water'],Pokémon,['Stage 2'],52.0,100.0,Wartortle,,"[{'name': 'Rain Dance', 'text': ""As often as you like during your turn (before your attack), you may attach 1 Water Energy card to 1 of your Water Pokémon. (This doesn't use up your 1 Energy card attachment for the turn.) This power can't be used if Blastoise is Asleep, Confused, or Paralyzed."", 'type': 'Pokémon Power'}]","[{'name': 'Hydro Pump', 'cost': ['Water', 'Water', 'Water'], 'convertedEnergyCost': 3, 'damage': '40+', 'text': ""Does 40 damage plus 10 more damage for each Water Energy attached to Blastoise but not used to pay for this attack's Energy cost. Extra Water Energy after the 2nd doesn't count.""}]","[{'type': 'Lightning', 'value': '×2'}]","['Colorless', 'Colorless', 'Colorless']",3.0,Rare Holo,A brutal Pokémon with pressurized water jets on its shell. They are used for high-speed tackles.,[9],{'unlimited': 'Legal'},,,,
base1-3,Base,Base,WOTC,First,1/9/1999,Ken Sugimori,Chansey,3,['Colorless'],Pokémon,['Basic'],55.0,120.0,,['Blissey'],,"[{'name': 'Scrunch', 'cost': ['Colorless', 'Colorless'], 'convertedEnergyCost': 2, 'damage': '', 'text': ""Flip a coin. If heads, prevent all damage done to Chansey during your opponent's next turn. (Any other effects of attacks still happen.)""}, {'name': 'Double-edge', 'cost': ['Colorless', 'Colorless', 'Colorless', 'Colorless'], 'convertedEnergyCost': 4, 'damage': '80', 'text': 'Chansey does 80 damage to itself.'}]","[{'type': 'Fighting', 'value': '×2'}]",['Colorless'],1.0,Rare Holo,A rare and elusive Pokémon that is said to bring happiness to those who manage to catch it.,[113],{'unlimited': 'Legal'},"[{'type': 'Psychic', 'value': '-30'}]",,,
base1-4,Base,Base,WOTC,First,1/9/1999,Mitsuhiro Arita,Charizard,4,['Fire'],Pokémon,['Stage 2'],76.0,120.0,Charmeleon,,"[{'name': 'Energy Burn', 'text': ""As often as you like during your turn (before your attack), you may turn all Energy attached to Charizard into Fire Energy for the rest of the turn. This power can't be used if Charizard is Asleep, Confused, or Paralyzed."", 'type': 'Pokémon Power'}]","[{'name': 'Fire Spin', 'cost': ['Fire', 'Fire', 'Fire', 'Fire'], 'convertedEnergyCost': 4, 'damage': '100', 'text': 'Discard 2 Energy cards attached to Charizard in order to use this attack.'}]","[{'type': 'Water', 'value': '×2'}]","['Colorless', 'Colorless', 'Colorless']",3.0,Rare Holo,Spits fire that is hot enough to melt boulders. Known to unintentionally cause forest fires.,[6],{'unlimited': 'Legal'},"[{'type': 'Fighting', 'value': '-30'}]",,,
base1-5,Base,Base,WOTC,First,1/9/1999,Ken Sugimori,Clefairy,5,['Colorless'],Pokémon,['Basic'],14.0,40.0,,['Clefable'],,"[{'name': 'Sing', 'cost': ['Colorless'], 'convertedEnergyCost': 1, 'damage': '', 'text': 'Flip a coin. If heads, the Defending Pokémon is now Asleep.'}, {'name': 'Metronome', 'cost': ['Colorless', 'Colorless', 'Colorless'], 'convertedEnergyCost': 3, 'damage': '', 'text': ""Choose 1 of the Defending Pokémon's attacks. Metronome copies that attack except for its Energy costs and anything else required in order to use that attack, such as discarding Energy cards. (No matter what type the Defending Pokémon is, Clefairy's type is still Colorless.)""}]","[{'type': 'Fighting', 'value': '×2'}]",['Colorless'],1.0,Rare Holo,Its magical and cute appeal has many admirers. It is rare and found only in certain areas.,[35],{'unlimited': 'Legal'},"[{'type': 'Psychic', 'value': '-30'}]",,,
base1-6,Base,Base,WOTC,First,1/9/1999,Mitsuhiro Arita,Gyarados,6,['Water'],Pokémon,['Stage 1'],41.0,100.0,Magikarp,,,"[{'name': 'Dragon Rage', 'cost': ['Water', 'Water', 'Water'], 'convertedEnergyCost': 3, 'damage': '50', 'text': ''}, {'name': 'Bubblebeam', 'cost': ['Water', 'Water', 'Water', 'Water'], 'convertedEnergyCost': 4, 'damage': '40', 'text': 'Flip a coin. If heads, the Defending Pokémon is now Paralyzed.'}]","[{'type': 'Grass', 'value': '×2'}]","['Colorless', 'Colorless', 'Colorless']",3.0,Rare Holo,"Rarely seen in the wild. Huge and vicious, it is capable of destroying entire cities in a rage.",[130],{'unlimited': 'Legal'},"[{'type': 'Fighting', 'value': '-30'}]",,,
base1-7,Base,Base,WOTC,First,1/9/1999,Ken Sugimori,Hitmonchan,7,['Fighting'],Pokémon,['Basic'],33.0,70.0,,,,"[{'name': 'Jab', 'cost': ['Fighting'], 'convertedEnergyCost': 1, 'damage': '20', 'text': ''}, {'name': 'Special Punch', 'cost': ['Fighting', 'Fighting', 'Colorless'], 'convertedEnergyCost': 3, 'damage': '40', 'text': ''}]","[{'type': 'Psychic', 'value': '×2'}]","['Colorless', 'Colorless']",2.0,Rare Holo,"While seeming to do nothing, it fires punches in lightning-fast volleys that are impossible to see.",[107],{'unlimited': 'Legal'},,,,
base1-8,Base,Base,WOTC,First,1/9/1999,Ken Sugimori,Machamp,8,['Fighting'],Pokémon,['Stage 2'],67.0,100.0,Machoke,,"[{'name': 'Strikes Back', 'text': ""Whenever your opponent's attack damages Machamp (even if Machamp is Knocked Out), this power does 10 damage to the attacking Pokémon. (Don't apply Weakness and Resistance.) This power can't be used if Machamp is Asleep, Confused, or Paralyzed when your opponent attacks."", 'type': 'Pokémon Power'}]","[{'name': 'Seismic Toss', 'cost': ['Fighting', 'Fighting', 'Fighting', 'Colorless'], 'convertedEnergyCost': 4, 'damage': '60', 'text': ''}]","[{'type': 'Psychic', 'value': '×2'}]","['Colorless', 'Colorless', 'Colorless']",3.0,Rare Holo,"Using its amazing muscles, it throws powerful punches that can knock its victim clear over the horizon.",[68],{'unlimited': 'Legal'},,,,
base1-9,Base,Base,WOTC,First,1/9/1999,Keiji Kinebuchi,Magneton,9,['Lightning'],Pokémon,['Stage 1'],28.0,60.0,Magnemite,['Magnezone'],,"[{'name': 'Thunder Wave', 'cost': ['Lightning', 'Lightning', 'Colorless'], 'convertedEnergyCost': 3, 'damage': '30', 'text': 'Flip a coin. If heads, the Defending Pokémon is now Paralyzed.'}, {'name': 'Selfdestruct', 'cost': ['Lightning', 'Lightning', 'Colorless', 'Colorless'], 'convertedEnergyCost': 4, 'damage': '80', 'text': ""Does 20 damage to each Pokémon on each player's Bench. (Don't apply Weakness and Resistance for Benched Pokémon.) Magneton does 80 damage to itself.""}]","[{'type': 'Fighting', 'value': '×2'}]",['Colorless'],1.0,Rare Holo,Formed by several Magnemites linked together. It frequently appears when sunspots flare up.,[82],{'unlimited': 'Legal'},,,,
base1-10,Base,Base,WOTC,First,1/9/1999,Ken Sugimori,Mewtwo,10,['Psychic'],Pokémon,['Basic'],53.0,60.0,,,,"[{'name': 'Psychic', 'cost': ['Psychic', 'Colorless'], 'convertedEnergyCost': 2, 'damage': '10+', 'text': 'Does 10 damage plus 10 more damage for each Energy card attached to the Defending Pokémon.'}, {'name': 'Barrier', 'cost': ['Psychic', 'Psychic'], 'convertedEnergyCost': 2, 'damage': '', 'text': ""Discard 1 Psychic Energy card attached to Mewtwo in order to prevent all effects of attacks, including damage, done to Mewtwo during your opponent's next turn.""}]","[{'type': 'Psychic', 'value': '×2'}]","['Colorless', 'Colorless', 'Colorless']",3.0,Rare Holo,A scientist created this Pokémon after years of horrific gene-splicing and DNA engineering experiments.,[150],{'unlimited': 'Legal'},,,,
base1-11,Base,Base,WOTC,First,1/9/1999,Ken Sugimori,Nidoking,11,['Grass'],Pokémon,['Stage 2'],23.0,90.0,Nidorino,,,"[{'name': 'Thrash', 'cost': ['Grass', 'Colorless', 'Colorless'], 'convertedEnergyCost': 3, 'damage': '30+', 'text': 'Flip a coin. If heads, this attack does 30 damage plus 10 more damage; if tails, this attack does 30 damage and Nidoking does 10 damage to itself.'}, {'name': 'Toxic', 'cost': ['Grass', 'Grass', 'Grass'], 'convertedEnergyCost': 3, 'damage': '20', 'text': ""The Defending Pokémon is now Poisoned. It now takes 20 Poison damage instead of 10 after each player's turn (even if it was already Poisoned).""}]","[{'type': 'Psychic', 'value': '×2'}]","['Colorless', 'Colorless', 'Colorless']",3.0,Rare Holo,"Uses its powerful tail in battle to smash, constrict, then break its prey's bones.",[34],{'unlimited': 'Legal'},,,,
base1-12,Base,Base,WOTC,First,1/9/1999,Ken Sugimori,Ninetales,12,['Fire'],Pokémon,['Stage 1'],32.0,80.0,Vulpix,,,"[{'name': 'Lure', 'cost': ['Colorless', 'Colorless'], 'convertedEnergyCost': 2, 'damage': '', 'text': 'If your opponent has any Benched Pokémon, choose 1 of them and switch it with his or her Active Pokémon.'}, {'name': 'Fire Blast', 'cost': ['Fire', 'Fire', 'Fire', 'Fire'], 'convertedEnergyCost': 4, 'damage': '80', 'text': 'Discard 1 Fire Energy card attached to Ninetales in order to use this attack.'}]","[{'type': 'Water', 'value': '×2'}]",['Colorless'],1.0,Rare Holo,"Very smart and very vengeful. Grabbing one of its many tails could result in a 1,000-year curse.",[38],{'unlimited': 'Legal'},,,,
base1-13,Base,Base,WOTC,First,1/9/1999,Ken Sugimori,Poliwrath,13,['Water'],Pokémon,['Stage 2'],48.0,90.0,Poliwhirl,,,"[{'name': 'Water Gun', 'cost': ['Water', 'Water', 'Colorless'], 'convertedEnergyCost': 3, 'damage': '30+', 'text': ""Does 30 damage plus 10 more damage for each Water Energy attached to Poliwrath but not used to pay for this attack's Energy cost. Extra Water Energy after the 2nd doesn't count.""}, {'name': 'Whirlpool', 'cost': ['Water', 'Water', 'Colorless', 'Colorless'], 'convertedEnergyCost': 4, 'damage': '40', 'text': 'If the Defending Pokémon has any Energy cards attached to it, choose 1 of them and discard it.'}]","[{'type': 'Grass', 'value': '×2'}]","['Colorless', 'Colorless', 'Colorless']",3.0,Rare Holo,An adept swimmer at both the front crawl and breaststroke. Easily overtakes the best human swimmers.,[62],{'unlimited': 'Legal'},,,,
base1-14,Base,Base,WOTC,First,1/9/1999,Ken Sugimori,Raichu,14,['Lightning'],Pokémon,['Stage 1'],40.0,80.0,Pikachu,,,"[{'name': 'Agility', 'cost': ['Lightning', 'Colorless', 'Colorless'], 'convertedEnergyCost': 3, 'damage': '20', 'text': ""Flip a coin. If heads, during your opponent's next turn, prevent all effects of attacks, including damage, done to Raichu.""}, {'name': 'Thunder', 'cost': ['Lightning', 'Lightning', 'Lightning', 'Colorless'], 'convertedEnergyCost': 4, 'damage': '60', 'text': 'Flip a coin. If tails, Raichu does 30 damage to itself.'}]","[{'type': 'Fighting', 'value': '×2'}]",['Colorless'],1.0,Rare Holo,Its long tail serves as a ground to protect itself from its own high-voltage power.,[26],{'unlimited': 'Legal'},,,,
base1-15,Base,Base,WOTC,First,1/9/1999,Mitsuhiro Arita,Venusaur,15,['Grass'],Pokémon,['Stage 2'],67.0,100.0,Ivysaur,,"[{'name': 'Energy Trans', 'text': ""As often as you like during your turn (before your attack), you may take 1 Grass Energy card attached to 1 of your Pokémon and attach it to a different one. This power can't be used if Venusaur is Asleep, Confused, or Paralyzed."", 'type': 'Pokémon Power'}]","[{'name': 'Solarbeam', 'cost': ['Grass', 'Grass', 'Grass', 'Grass'], 'convertedEnergyCost': 4, 'damage': '60', 'text': ''}]","[{'type': 'Fire', 'value': '×2'}]","['Colorless', 'Colorless']",2.0,Rare Holo,This plant blooms when it is absorbing solar energy. It stays on the move to seek sunlight.,[3],{'unlimited': 'Legal'},,,,
base1-16,Base,Base,WOTC,First,1/9/1999,Ken Sugimori,Zapdos,16,['Lightning'],Pokémon,['Basic'],64.0,90.0,,,,"[{'name': 'Thunder', 'cost': ['Lightning', 'Lightning', 'Lightning', 'Colorless'], 'convertedEnergyCost': 4, 'damage': '60', 'text': 'Flip a coin. If tails, Zapdos does 30 damage to itself.'}, {'name': 'Thunderbolt', 'cost': ['Lightning', 'Lightning', 'Lightning', 'Lightning'], 'convertedEnergyCost': 4, 'damage': '100', 'text': 'Discard all Energy cards attached to Zapdos in order to use this attack.'}]",,"['Colorless', 'Colorless', 'Colorless']",3.0,Rare Holo,A legendary bird Pokémon said to appear from clouds while wielding enormous lightning bolts.,[145],{'unlimited': 'Legal'},"[{'type': 'Fighting', 'value': '-30'}]",,,
base1-17,Base,Base,WOTC,First,1/9/1999,Ken Sugimori,Beedrill,17,['Grass'],Pokémon,['Stage 2'],32.0,80.0,Kakuna,,,"[{'name': 'Twineedle', 'cost': ['Colorless', 'Colorless', 'Colorless'], 'convertedEnergyCost': 3, 'damage': '30×', 'text': 'Flip 2 coins. This attack does 30 damage times the number of heads.'}, {'name': 'Poison Sting', 'cost': ['Grass', 'Grass', 'Grass'], 'convertedEnergyCost': 3, 'damage': '40', 'text': 'Flip a coin. If heads, the Defending Pokémon is now Poisoned.'}]","[{'type': 'Fire', 'value': '×2'}]",,,Rare,"Flies at high speed and attacks using the large, venomous stingers on its forelegs and tail.",[15],{'unlimited': 'Legal'},"[{'type': 'Fighting', 'value': '-30'}]",,,
base1-18,Base,Base,WOTC,First,1/9/1999,Mitsuhiro Arita,Dragonair,18,['Colorless'],Pokémon,['Stage 1'],33.0,80.0,Dratini,['Dragonite'],,"[{'name': 'Slam', 'cost': ['Colorless', 'Colorless', 'Colorless'], 'convertedEnergyCost': 3, 'damage': '30×', 'text': 'Flip 2 coins. This attack does 30 damage times the number of heads.'}, {'name': 'Hyper Beam', 'cost': ['Colorless', 'Colorless', 'Colorless', 'Colorless'], 'convertedEnergyCost': 4, 'damage': '20', 'text': 'If the Defending Pokémon has any Energy cards attached to it, choose 1 of them and discard it.'}]",,"['Colorless', 'Colorless']",2.0,Rare,A mystical Pokémon that exudes a gentle aura. Has the ability to change climate conditions.,[148],{'unlimited': 'Legal'},"[{'type': 'Psychic', 'value': '-30'}]",,,
base1-19,Base,Base,WOTC,First,1/9/1999,Keiji Kinebuchi,Dugtrio,19,['Fighting'],Pokémon,['Stage 1'],36.0,70.0,Diglett,,,"[{'name': 'Slash', 'cost': ['Fighting', 'Fighting', 'Colorless'], 'convertedEnergyCost': 3, 'damage': '40', 'text': ''}, {'name': 'Earthquake', 'cost': ['Fighting', 'Fighting', 'Fighting', 'Fighting'], 'convertedEnergyCost': 4, 'damage': '70', 'text': ""Does 10 damage to each of your own Benched Pokémon. (Don't apply Weakness and Resistance for Benched Pokémon.)""}]","[{'type': 'Grass', 'value': '×2'}]","['Colorless', 'Colorless']",2.0,Rare,A team of Diglett triplets. It triggers huge earthquakes by burrowing 60 miles underground.,[51],{'unlimited': 'Legal'},"[{'type': 'Lightning', 'value': '-30'}]",,,
base1-20,Base,Base,WOTC,First,1/9/1999,Ken Sugimori,Electabuzz,20,['Lightning'],Pokémon,['Basic'],35.0,70.0,,['Electivire'],,"[{'name': 'Thundershock', 'cost': ['Lightning'], 'convertedEnergyCost': 1, 'damage': '10', 'text': 'Flip a coin. If heads, the Defending Pokémon is now Paralyzed.'}, {'name': 'Thunderpunch', 'cost': ['Lightning', 'Colorless'], 'convertedEnergyCost': 2, 'damage': '30+', 'text': 'Flip a coin. If heads, this attack does 30 damage plus 10 more damage; if tails, this attack does 30 damage plus Electabuzz does 10 damage to itself.'}]","[{'type': 'Fighting', 'value': '×2'}]","['Colorless', 'Colorless']",2.0,Rare,"Normally found near power plants, it can wander away and cause major blackouts in cities.",[125],{'unlimited': 'Legal'},,,,
base1-21,Base,Base,WOTC,First,1/9/1999,Keiji Kinebuchi,Electrode,21,['Lightning'],Pokémon,['Stage 1'],40.0,80.0,Voltorb,,"[{'name': 'Buzzap', 'text': ""At any time during your turn (before your attack), you may Knock Out Electrode and attach it to 1 of your other Pokémon. If you do, choose a type of Energy. Electrode is now an Energy card (instead of a Pokémon) that provides 2 energy of that type. You can't use this power if Electrode is Asleep, Confused, or Paralyzed."", 'type': 'Pokémon Power'}]","[{'name': 'Electric Shock', 'cost': ['Lightning', 'Lightning', 'Lightning'], 'convertedEnergyCost': 3, 'damage': '50', 'text': 'Flip a coin. If tails, Electrode does 10 damage to itself.'}]","[{'type': 'Fighting', 'value': '×2'}]",['Colorless'],1.0,Rare,It stores electrical energy under very high pressure. It often explodes with little or no provocation.,[101],{'unlimited': 'Legal'},,,,
base1-22,Base,Base,WOTC,First,1/9/1999,Ken Sugimori,Pidgeotto,22,['Colorless'],Pokémon,['Stage 1'],36.0,60.0,Pidgey,['Pidgeot'],,"[{'name': 'Whirlwind', 'cost': ['Colorless', 'Colorless'], 'convertedEnergyCost': 2, 'damage': '20', 'text': 'If your opponent has any Benched Pokémon, he or she chooses 1 of them and switches it with the Defending Pokémon. (Do the damage before switching the Pokémon.)'}, {'name': 'Mirror Move', 'cost': ['Colorless', 'Colorless', 'Colorless'], 'convertedEnergyCost': 3, 'damage': '', 'text': 'If Pidgeotto was attacked last turn, do the final result of that attack on Pidgeotto to the Defending Pokémon.'}]","[{'type': 'Lightning', 'value': '×2'}]",['Colorless'],1.0,Rare,"Very protective of its sprawling territory, this Pokémon will fiercely peck at any intruder.",[17],{'unlimited': 'Legal'},"[{'type': 'Fighting', 'value': '-30'}]",,,
base1-23,Base,Base,WOTC,First,1/9/1999,Ken Sugimori,Arcanine,23,['Fire'],Pokémon,['Stage 1'],45.0,100.0,Growlithe,,,"[{'name': 'Flamethrower', 'cost': ['Fire', 'Fire', 'Colorless'], 'convertedEnergyCost': 3, 'damage': '50', 'text': 'Discard 1 Fire Energy card attached to Arcanine in order to use this attack.'}, {'name': 'Take Down', 'cost': ['Fire', 'Fire', 'Colorless', 'Colorless'], 'convertedEnergyCost': 4, 'damage': '80', 'text': 'Arcanine does 30 damage to itself.'}]","[{'type': 'Water', 'value': '×2'}]","['Colorless', 'Colorless', 'Colorless']",3.0,Uncommon,"A Pokémon that has been long admired for its beauty. It runs gracefully, as if on wings.",[59],{'unlimited': 'Legal'},,,,
base1-24,Base,Base,WOTC,First,1/9/1999,Mitsuhiro Arita,Charmeleon,24,['Fire'],Pokémon,['Stage 1'],32.0,80.0,Charmander,['Charizard'],,"[{'name': 'Slash', 'cost': ['Colorless', 'Colorless', 'Colorless'], 'convertedEnergyCost': 3, 'damage': '30', 'text': ''}, {'name': 'Flamethrower', 'cost': ['Fire', 'Fire', 'Colorless'], 'convertedEnergyCost': 3, 'damage': '50', 'text': 'Discard 1 Fire Energy card attached to Charmeleon in order to use this attack.'}]","[{'type': 'Water', 'value': '×2'}]",['Colorless'],1.0,Uncommon,"When it swings its burning tail, it raises the temperature to unbearably high levels.",[5],{'unlimited': 'Legal'},,,,
base1-25,Base,Base,WOTC,First,1/9/1999,Mitsuhiro Arita,Dewgong,25,['Water'],Pokémon,['Stage 1'],42.0,80.0,Seel,,,"[{'name': 'Aurora Beam', 'cost': ['Water', 'Water', 'Colorless'], 'convertedEnergyCost': 3, 'damage': '50', 'text': ''}, {'name': 'Ice Beam', 'cost': ['Water', 'Water', 'Colorless', 'Colorless'], 'convertedEnergyCost': 4, 'damage': '30', 'text': 'Flip a coin. If heads, the Defending Pokémon is now Paralyzed.'}]","[{'type': 'Lightning', 'value': '×2'}]","['Colorless', 'Colorless', 'Colorless']",3.0,Uncommon,Stores thermal energy in its body. Swims at a steady 8 knots even in intensely cold waters.,[87],{'unlimited': 'Legal'},,,,
base1-26,Base,Base,WOTC,First,1/9/1999,Ken Sugimori,Dratini,26,['Colorless'],Pokémon,['Basic'],10.0,40.0,,['Dragonair'],,"[{'name': 'Pound', 'cost': ['Colorless'], 'convertedEnergyCost': 1, 'damage': '10', 'text': ''}]",,['Colorless'],1.0,Uncommon,"Long considered a mythical Pokémon until recently, when a small colony was found living underwater.",[147],{'unlimited': 'Legal'},"[{'type': 'Psychic', 'value': '-30'}]",,,
base1-27,Base,Base,WOTC,First,1/9/1999,Ken Sugimori,Farfetch'd,27,['Colorless'],Pokémon,['Basic'],20.0,50.0,,"[""Sirfetch'd""]",,"[{'name': 'Leek Slap', 'cost': ['Colorless'], 'convertedEnergyCost': 1, 'damage': '30', 'text': ""Flip a coin. If tails, this attack does nothing. Either way, you can't use this attack again as long as Farfetch'd stays in play (even putting Farfetch'd on the Bench won't let you use it again).""}, {'name': 'Pot Smash', 'cost': ['Colorless', 'Colorless', 'Colorless'], 'convertedEnergyCost': 3, 'damage': '30', 'text': ''}]","[{'type': 'Lightning', 'value': '×2'}]",['Colorless'],1.0,Uncommon,The sprig of green onions it holds is its weapon. This sprig is used much like a metal sword.,[83],{'unlimited': 'Legal'},"[{'type': 'Fighting', 'value': '-30'}]",,,
base1-28,Base,Base,WOTC,First,1/9/1999,Ken Sugimori,Growlithe,28,['Fire'],Pokémon,['Basic'],18.0,60.0,,['Arcanine'],,"[{'name': 'Flare', 'cost': ['Fire', 'Colorless'], 'convertedEnergyCost': 2, 'damage': '20', 'text': ''}]","[{'type': 'Water', 'value': '×2'}]",['Colorless'],1.0,Uncommon,Very protective of its territory. It will bark and bite to repel intruders from its space.,[58],{'unlimited': 'Legal'},,,,
base1-29,Base,Base,WOTC,First,1/9/1999,Keiji Kinebuchi,Haunter,29,['Psychic'],Pokémon,['Stage 1'],22.0,60.0,Gastly,['Gengar'],,"[{'name': 'Hypnosis', 'cost': ['Psychic'], 'convertedEnergyCost': 1, 'damage': '', 'text': 'The Defending Pokémon is now Asleep.'}, {'name': 'Dream Eater', 'cost': ['Psychic', 'Psychic'], 'convertedEnergyCost': 2, 'damage': '50', 'text': ""You can't use this attack unless the Defending Pokémon is Asleep.""}]",,['Colorless'],1.0,Uncommon,"Because of its ability to slip through block walls, it is said to be from another dimension.",[93],{'unlimited': 'Legal'},"[{'type': 'Fighting', 'value': '-30'}]",,,
base1-30,Base,Base,WOTC,First,1/9/1999,Ken Sugimori,Ivysaur,30,['Grass'],Pokémon,['Stage 1'],20.0,60.0,Bulbasaur,['Venusaur'],,"[{'name': 'Vine Whip', 'cost': ['Grass', 'Colorless', 'Colorless'], 'convertedEnergyCost': 3, 'damage': '30', 'text': ''}, {'name': 'Poisonpowder', 'cost': ['Grass', 'Grass', 'Grass'], 'convertedEnergyCost': 3, 'damage': '20', 'text': 'The Defending Pokémon is now Poisoned.'}]","[{'type': 'Fire', 'value': '×2'}]",['Colorless'],1.0,Uncommon,"When the bulb on its back grows large, the Pokémon seems to lose the ability to stand on its hind legs.",[2],{'unlimited': 'Legal'},,,,
base1-31,Base,Base,WOTC,First,1/9/1999,Ken Sugimori,Jynx,31,['Psychic'],Pokémon,['Basic'],23.0,70.0,,,,"[{'name': 'Doubleslap', 'cost': ['Psychic'], 'convertedEnergyCost': 1, 'damage': '10×', 'text': 'Flip 2 coins. This attack does 10 damage times the number of heads.'}, {'name': 'Meditate', 'cost': ['Psychic', 'Psychic', 'Colorless'], 'convertedEnergyCost': 3, 'damage': '20+', 'text': 'Does 20 damage plus 10 more damage for each damage counter on the Defending Pokémon.'}]","[{'type': 'Psychic', 'value': '×2'}]","['Colorless', 'Colorless']",2.0,Uncommon,"Merely by meditating, the Pokémon launches a powerful psychic energy attack.",[124],{'unlimited': 'Legal'},,,,
base1-32,Base,Base,WOTC,First,1/9/1999,Ken Sugimori,Kadabra,32,['Psychic'],Pokémon,['Stage 1'],38.0,60.0,Abra,['Alakazam'],,"[{'name': 'Recover', 'cost': ['Psychic', 'Psychic'], 'convertedEnergyCost': 2, 'damage': '', 'text': 'Discard 1 Psychic Energy card attached to Kadabra in order to use this attack. Remove all damage counters from Kadabra.'}, {'name': 'Super Psy', 'cost': ['Psychic', 'Psychic', 'Colorless'], 'convertedEnergyCost': 3, 'damage': '50', 'text': ''}]","[{'type': 'Psychic', 'value': '×2'}]","['Colorless', 'Colorless', 'Colorless']",3.0,Uncommon,It emits special alpha waves from its body that induce headaches even to those just nearby.,[64],{'unlimited': 'Legal'},,,,
base1-33,Base,Base,WOTC,First,1/9/1999,Keiji Kinebuchi,Kakuna,33,['Grass'],Pokémon,['Stage 1'],23.0,80.0,Weedle,['Beedrill'],,"[{'name': 'Stiffen', 'cost': ['Colorless', 'Colorless'], 'convertedEnergyCost': 2, 'damage': '', 'text': ""Flip a coin. If heads, prevent all damage done to Kakuna during your opponent's next turn. (Any other effects of attacks still happen.)""}, {'name': 'Poisonpowder', 'cost': ['Grass', 'Grass'], 'convertedEnergyCost': 2, 'damage': '20', 'text': 'Flip a coin. If heads, the Defending Pokémon is now Poisoned.'}]","[{'type': 'Fire', 'value': '×2'}]","['Colorless', 'Colorless']",2.0,Uncommon,"Almost incapable of moving, this Pokémon can only harden its shell to protect itself from predators.",[14],{'unlimited': 'Legal'},,,,
base1-34,Base,Base,WOTC,First,1/9/1999,Ken Sugimori,Machoke,34,['Fighting'],Pokémon,['Stage 1'],40.0,80.0,Machop,['Machamp'],,"[{'name': 'Karate Chop', 'cost': ['Fighting', 'Fighting', 'Colorless'], 'convertedEnergyCost': 3, 'damage': '50-', 'text': 'Does 50 damage minus 10 damage for each damage counter on Machoke.'}, {'name': 'Submission', 'cost': ['Fighting', 'Fighting', 'Colorless', 'Colorless'], 'convertedEnergyCost': 4, 'damage': '60', 'text': 'Machoke does 20 damage to itself.'}]","[{'type': 'Psychic', 'value': '×2'}]","['Colorless', 'Colorless', 'Colorless']",3.0,Uncommon,Its muscular body is so powerful that it must wear a power-save belt to help regulate its motions.,[67],{'unlimited': 'Legal'},,,,
base1-35,Base,Base,WOTC,First,1/9/1999,Mitsuhiro Arita,Magikarp,35,['Water'],Pokémon,['Basic'],8.0,30.0,,['Gyarados'],,"[{'name': 'Tackle', 'cost': ['Colorless'], 'convertedEnergyCost': 1, 'damage': '10', 'text': ''}, {'name': 'Flail', 'cost': ['Water'], 'convertedEnergyCost': 1, 'damage': '10×', 'text': 'Does 10 damage times the number of damage counters on Magikarp.'}]","[{'type': 'Lightning', 'value': '×2'}]",['Colorless'],1.0,Uncommon,"In the distant past, it was stronger than its horribly weak descendants that exist today.",[129],{'unlimited': 'Legal'},,,,
base1-36,Base,Base,WOTC,First,1/9/1999,Ken Sugimori,Magmar,36,['Fire'],Pokémon,['Basic'],24.0,50.0,,['Magmortar'],,"[{'name': 'Fire Punch', 'cost': ['Fire', 'Fire'], 'convertedEnergyCost': 2, 'damage': '30', 'text': ''}, {'name': 'Flamethrower', 'cost': ['Fire', 'Fire', 'Colorless'], 'convertedEnergyCost': 3, 'damage': '50', 'text': 'Discard 1 Fire Energy card attached to Magmar in order to use this attack.'}]","[{'type': 'Water', 'value': '×2'}]","['Colorless', 'Colorless']",2.0,Uncommon,Its body always burns with an orange glow that enables it to hide perfectly among flames.,[126],{'unlimited': 'Legal'},,,,
base1-37,Base,Base,WOTC,First,1/9/1999,Mitsuhiro Arita,Nidorino,37,['Grass'],Pokémon,['Stage 1'],25.0,60.0,Nidoran ♂,['Nidoking'],,"[{'name': 'Double Kick', 'cost': ['Grass', 'Colorless', 'Colorless'], 'convertedEnergyCost': 3, 'damage': '30×', 'text': 'Flip 2 coins. This attack does 30 damage times the number of heads.'}, {'name': 'Horn Drill', 'cost': ['Grass', 'Grass', 'Colorless', 'Colorless'], 'convertedEnergyCost': 4, 'damage': '50', 'text': ''}]","[{'type': 'Psychic', 'value': '×2'}]",['Colorless'],1.0,Uncommon,An aggressive Pokémon that is quick to attack. The horn on its head secretes a powerful venom.,[33],{'unlimited': 'Legal'},,,,
base1-38,Base,Base,WOTC,First,1/9/1999,Ken Sugimori,Poliwhirl,38,['Water'],Pokémon,['Stage 1'],28.0,60.0,Poliwag,"['Poliwrath', 'Politoed']",,"[{'name': 'Amnesia', 'cost': ['Water', 'Water'], 'convertedEnergyCost': 2, 'damage': '', 'text': ""Choose 1 of the Defending Pokémon's attacks. That Pokémon can't use that attack during your opponent's next turn.""}, {'name': 'Doubleslap', 'cost': ['Water', 'Water', 'Colorless'], 'convertedEnergyCost': 3, 'damage': '30×', 'text': 'Flip 2 coins. This attack does 30 damage times the number of heads.'}]","[{'type': 'Grass', 'value': '×2'}]",['Colorless'],1.0,Uncommon,"Capable of living in or out of water. When out of water, it sweats to keep its body slimy.",[61],{'unlimited': 'Legal'},,,,
base1-39,Base,Base,WOTC,First,1/9/1999,Tomoaki Imakuni,Porygon,39,['Colorless'],Pokémon,['Basic'],12.0,30.0,,['Porygon2'],,"[{'name': 'Conversion 1', 'cost': ['Colorless'], 'convertedEnergyCost': 1, 'damage': '', 'text': 'If the Defending Pokémon has a Weakness, you may change it to a type of your choice other than Colorless.'}, {'name': 'Conversion 2', 'cost': ['Colorless', 'Colorless'], 'convertedEnergyCost': 2, 'damage': '', 'text': ""Change Porygon's Resistance to a type of your choice other than Colorless.""}]","[{'type': 'Fighting', 'value': '×2'}]",['Colorless'],1.0,Uncommon,A Pokémon that consists entirely of programming code. Capable of moving freely in cyberspace.,[137],{'unlimited': 'Legal'},"[{'type': 'Psychic', 'value': '-30'}]",,,
base1-40,Base,Base,WOTC,First,1/9/1999,Ken Sugimori,Raticate,40,['Colorless'],Pokémon,['Stage 1'],41.0,60.0,Rattata,,,"[{'name': 'Bite', 'cost': ['Colorless'], 'convertedEnergyCost': 1, 'damage': '20', 'text': ''}, {'name': 'Super Fang', 'cost': ['Colorless', 'Colorless', 'Colorless'], 'convertedEnergyCost': 3, 'damage': '', 'text': ""Does damage to the Defending Pokémon equal to half the Defending Pokémon's remaining HP (rounded up to the nearest 10).""}]","[{'type': 'Fighting', 'value': '×2'}]",['Colorless'],1.0,Uncommon,It uses its whiskers to maintain its balance. It seems to slow down if they are cut off.,[20],{'unlimited': 'Legal'},"[{'type': 'Psychic', 'value': '-30'}]",,,
base1-41,Base,Base,WOTC,First,1/9/1999,Ken Sugimori,Seel,41,['Water'],Pokémon,['Basic'],12.0,60.0,,['Dewgong'],,"[{'name': 'Headbutt', 'cost': ['Water'], 'convertedEnergyCost': 1, 'damage': '10', 'text': ''}]","[{'type': 'Lightning', 'value': '×2'}]",['Colorless'],1.0,Uncommon,The protruding horn on its head is very hard. This horn is used for bashing through thick ice.,[86],{'unlimited': 'Legal'},,,,
base1-42,Base,Base,WOTC,First,1/9/1999,Ken Sugimori,Wartortle,42,['Water'],Pokémon,['Stage 1'],22.0,70.0,Squirtle,['Blastoise'],,"[{'name': 'Withdraw', 'cost': ['Water', 'Colorless'], 'convertedEnergyCost': 2, 'damage': '', 'text': ""Flip a coin. If heads, prevent all damage done to Wartortle during your opponent's next turn. (Any other effects of attacks still happen.)""}, {'name': 'Bite', 'cost': ['Water', 'Colorless', 'Colorless'], 'convertedEnergyCost': 3, 'damage': '40', 'text': ''}]","[{'type': 'Lightning', 'value': '×2'}]",['Colorless'],1.0,Uncommon,"Often hides in water to stalk unweary prey. When swimming quickly, it moves its ears to maintain balance.",[8],{'unlimited': 'Legal'},,,,
base1-43,Base,Base,WOTC,First,1/9/1999,Mitsuhiro Arita,Abra,43,['Psychic'],Pokémon,['Basic'],10.0,30.0,,['Kadabra'],,"[{'name': 'Psyshock', 'cost': ['Psychic'], 'convertedEnergyCost': 1, 'damage': '10', 'text': 'Flip a coin. If heads, the Defending Pokémon is now Paralyzed.'}]","[{'type': 'Psychic', 'value': '×2'}]",,,Common,"Using its ability to read minds, it will identify impending danger and teleport to safety.",[63],{'unlimited': 'Legal'},,,,
base1-44,Base,Base,WOTC,First,1/9/1999,Mitsuhiro Arita,Bulbasaur,44,['Grass'],Pokémon,['Basic'],13.0,40.0,,['Ivysaur'],,"[{'name': 'Leech Seed', 'cost': ['Grass', 'Grass'], 'convertedEnergyCost': 2, 'damage': '20', 'text': 'Unless all damage from this attack is prevented, you may remove 1 damage counter from Bulbasaur.'}]","[{'type': 'Fire', 'value': '×2'}]",['Colorless'],1.0,Common,"A strange seed was planted on its back at birth. Thus, a plant sprouted and now grows with this Pokémon.",[1],{'unlimited': 'Legal'},,,,
base1-45,Base,Base,WOTC,First,1/9/1999,Ken Sugimori,Caterpie,45,['Grass'],Pokémon,['Basic'],13.0,40.0,,['Metapod'],,"[{'name': 'String Shot', 'cost': ['Grass'], 'convertedEnergyCost': 1, 'damage': '10', 'text': 'Flip a coin. If heads, the Defending Pokémon is now Paralyzed.'}]","[{'type': 'Fire', 'value': '×2'}]",['Colorless'],1.0,Common,Its short feet are tipped with suction pads that enable it to tirelessly climb slopes and walls.,[10],"{'unlimited': 'Legal', 'expanded': 'Legal'}",,,,
base1-46,Base,Base,WOTC,First,1/9/1999,Mitsuhiro Arita,Charmander,46,['Fire'],Pokémon,['Basic'],10.0,50.0,,['Charmeleon'],,"[{'name': 'Scratch', 'cost': ['Colorless'], 'convertedEnergyCost': 1, 'damage': '10', 'text': ''}, {'name': 'Ember', 'cost': ['Fire', 'Colorless'], 'convertedEnergyCost': 2, 'damage': '30', 'text': 'Discard 1 Fire Energy card attached to Charmander in order to use this attack.'}]","[{'type': 'Water', 'value': '×2'}]",['Colorless'],1.0,Common,"Obviously prefers hot places. If it gets caught in the rain, steam is said to spout from the tip of its tail.",[4],{'unlimited': 'Legal'},,,,
base1-47,Base,Base,WOTC,First,1/9/1999,Keiji Kinebuchi,Diglett,47,['Fighting'],Pokémon,['Basic'],8.0,30.0,,['Dugtrio'],,"[{'name': 'Dig', 'cost': ['Fighting'], 'convertedEnergyCost': 1, 'damage': '10', 'text': ''}, {'name': 'Mud Slap', 'cost': ['Fighting', 'Fighting'], 'convertedEnergyCost': 2, 'damage': '30', 'text': ''}]","[{'type': 'Grass', 'value': '×2'}]",,,Common,"Lives about three feet underground, where it feeds on plant roots. It sometimes appears above ground.",[50],{'unlimited': 'Legal'},"[{'type': 'Lightning', 'value': '-30'}]",,,
base1-48,Base,Base,WOTC,First,1/9/1999,Mitsuhiro Arita,Doduo,48,['Colorless'],Pokémon,['Basic'],10.0,50.0,,['Dodrio'],,"[{'name': 'Fury Attack', 'cost': ['Colorless'], 'convertedEnergyCost': 1, 'damage': '10×', 'text': 'Flip 2 coins. This attack does 10 damage times the number of heads.'}]","[{'type': 'Lightning', 'value': '×2'}]",,,Common,A bird that makes up for its poor flying with its fast foot speed. Leaves giant footprints.,[84],{'unlimited': 'Legal'},"[{'type': 'Fighting', 'value': '-30'}]",,,
base1-49,Base,Base,WOTC,First,1/9/1999,Ken Sugimori,Drowzee,49,['Psychic'],Pokémon,['Basic'],10.0,50.0,,['Hypno'],,"[{'name': 'Pound', 'cost': ['Colorless'], 'convertedEnergyCost': 1, 'damage': '10', 'text': ''}, {'name': 'Confuse Ray', 'cost': ['Psychic', 'Psychic'], 'convertedEnergyCost': 2, 'damage': '10', 'text': 'Flip a coin. If heads, the Defending Pokémon is now Confused.'}]","[{'type': 'Psychic', 'value': '×2'}]",['Colorless'],1.0,Common,"Puts enemies to sleep, then eats their dreams. Occasionally gets sick from eating bad dreams.",[96],{'unlimited': 'Legal'},,,,
base1-50,Base,Base,WOTC,First,1/9/1999,Keiji Kinebuchi,Gastly,50,['Psychic'],Pokémon,['Basic'],8.0,30.0,,['Haunter'],,"[{'name': 'Sleeping Gas', 'cost': ['Psychic'], 'convertedEnergyCost': 1, 'damage': '', 'text': 'Flip a coin. If heads, the Defending Pokémon is now Asleep.'}, {'name': 'Destiny Bond', 'cost': ['Psychic', 'Colorless'], 'convertedEnergyCost': 2, 'damage': '', 'text': ""Discard 1 Psychic Energy card attached to Gastly in order to use this attack. If a Pokémon Knocks Out Gastly during your opponent's next turn, Knock Out that Pokémon.""}]",,,,Common,"Almost invisible, this gaseous Pokémon cloaks the target and puts it to sleep without notice.",[92],{'unlimited': 'Legal'},"[{'type': 'Fighting', 'value': '-30'}]",,,
base1-51,Base,Base,WOTC,First,1/9/1999,Mitsuhiro Arita,Koffing,51,['Grass'],Pokémon,['Basic'],13.0,50.0,,['Weezing'],,"[{'name': 'Foul Gas', 'cost': ['Grass', 'Grass'], 'convertedEnergyCost': 2, 'damage': '10', 'text': 'Flip a coin. If heads, the Defending Pokémon is now Poisoned; if tails, it is now Confused.'}]","[{'type': 'Psychic', 'value': '×2'}]",['Colorless'],1.0,Common,"Because it stores several kinds of toxic gases in its body, it is prone to exploding without warning.",[109],{'unlimited': 'Legal'},,,,
base1-52,Base,Base,WOTC,First,1/9/1999,Mitsuhiro Arita,Machop,52,['Fighting'],Pokémon,['Basic'],20.0,50.0,,['Machoke'],,"[{'name': 'Low Kick', 'cost': ['Fighting'], 'convertedEnergyCost': 1, 'damage': '20', 'text': ''}]","[{'type': 'Psychic', 'value': '×2'}]",['Colorless'],1.0,Common,Loves to build its muscles. It trains in all styles of martial arts to become even stronger.,[66],{'unlimited': 'Legal'},,,,
base1-53,Base,Base,WOTC,First,1/9/1999,Keiji Kinebuchi,Magnemite,53,['Lightning'],Pokémon,['Basic'],13.0,40.0,,['Magneton'],,"[{'name': 'Thunder Wave', 'cost': ['Lightning'], 'convertedEnergyCost': 1, 'damage': '10', 'text': 'Flip a coin. If heads, the Defending Pokémon is now Paralyzed.'}, {'name': 'Selfdestruct', 'cost': ['Lightning', 'Colorless'], 'convertedEnergyCost': 2, 'damage': '40', 'text': ""Does 10 damage to each Pokémon on each player's Bench. (Don't apply Weakness and Resistance for Benched Pokémon.) Magnemite does 40 damage to itself.""}]","[{'type': 'Fighting', 'value': '×2'}]",['Colorless'],1.0,Common,Uses anti-gravity to stay suspended. Appears without warning and uses attacks like Thunder Wave.,[81],{'unlimited': 'Legal'},,,,
base1-54,Base,Base,WOTC,First,1/9/1999,Ken Sugimori,Metapod,54,['Grass'],Pokémon,['Stage 1'],21.0,70.0,Caterpie,['Butterfree'],,"[{'name': 'Stiffen', 'cost': ['Colorless', 'Colorless'], 'convertedEnergyCost': 2, 'damage': '', 'text': ""Flip a coin. If heads, prevent all damage done to Metapod during your opponent's next turn. (Any other effects of attacks still happen.)""}, {'name': 'Stun Spore', 'cost': ['Grass', 'Grass'], 'convertedEnergyCost': 2, 'damage': '20', 'text': 'Flip a coin. If heads, the Defending Pokémon is now Paralyzed.'}]","[{'type': 'Fire', 'value': '×2'}]","['Colorless', 'Colorless']",2.0,Common,"It is vulnerable to attack because its shell is soft, exposing its weak and tender body.",[11],{'unlimited': 'Legal'},,,,
base1-55,Base,Base,WOTC,First,1/9/1999,Ken Sugimori,Nidoran ♂,55,['Grass'],Pokémon,['Basic'],20.0,40.0,,['Nidorino'],,"[{'name': 'Horn Hazard', 'cost': ['Grass'], 'convertedEnergyCost': 1, 'damage': '30', 'text': 'Flip a coin. If tails, this attack does nothing.'}]","[{'type': 'Psychic', 'value': '×2'}]",['Colorless'],1.0,Common,"Stiffens its ears to sense danger. The larger, more powerful of its horns secretes venom.",[32],{'unlimited': 'Legal'},,,,
base1-56,Base,Base,WOTC,First,1/9/1999,Ken Sugimori,Onix,56,['Fighting'],Pokémon,['Basic'],12.0,90.0,,['Steelix'],,"[{'name': 'Rock Throw', 'cost': ['Fighting'], 'convertedEnergyCost': 1, 'damage': '10', 'text': ''}, {'name': 'Harden', 'cost': ['Fighting', 'Fighting'], 'convertedEnergyCost': 2, 'damage': '', 'text': ""During your opponent's next turn, whenever 30 or less damage is done to Onix (after applying Weakness and Resistance), prevent that damage. (Any other effects of attacks still happen.)""}]","[{'type': 'Grass', 'value': '×2'}]","['Colorless', 'Colorless', 'Colorless']",3.0,Common,"As it grows, the stone portions of its body harden to become similar to a diamond, though colored black.",[95],{'unlimited': 'Legal'},,,,
base1-57,Base,Base,WOTC,First,1/9/1999,Ken Sugimori,Pidgey,57,['Colorless'],Pokémon,['Basic'],8.0,40.0,,['Pidgeotto'],,"[{'name': 'Whirlwind', 'cost': ['Colorless', 'Colorless'], 'convertedEnergyCost': 2, 'damage': '10', 'text': 'If your opponent has any Benched Pokémon, he or she chooses 1 of them and switches it with the Defending Pokémon. (Do the damage before switching the Pokémon.)'}]","[{'type': 'Lightning', 'value': '×2'}]",['Colorless'],1.0,Common,A common sight in forests and woods. It flaps its wings at ground level to kick up blinding sand.,[16],{'unlimited': 'Legal'},"[{'type': 'Fighting', 'value': '-30'}]",,,
base1-58,Base,Base,WOTC,First,1/9/1999,Mitsuhiro Arita,Pikachu,58,['Lightning'],Pokémon,['Basic'],12.0,40.0,,['Raichu'],,"[{'name': 'Gnaw', 'cost': ['Colorless'], 'convertedEnergyCost': 1, 'damage': '10', 'text': ''}, {'name': 'Thunder Jolt', 'cost': ['Lightning', 'Colorless'], 'convertedEnergyCost': 2, 'damage': '30', 'text': 'Flip a coin. If tails, Pikachu does 10 damage to itself.'}]","[{'type': 'Fighting', 'value': '×2'}]",['Colorless'],1.0,Common,"When several of these Pokémon gather, their electricity can cause lightning storms.",[25],{'unlimited': 'Legal'},,,,
base1-59,Base,Base,WOTC,First,1/9/1999,Ken Sugimori,Poliwag,59,['Water'],Pokémon,['Basic'],13.0,40.0,,['Poliwhirl'],,"[{'name': 'Water Gun', 'cost': ['Water'], 'convertedEnergyCost': 1, 'damage': '10+', 'text': ""Does 10 damage plus 10 more damage for each Water Energy attached to Poliwag but not used to pay for this attack's Energy cost. Extra Water Energy after the 2nd don't count.""}]","[{'type': 'Grass', 'value': '×2'}]",['Colorless'],1.0,Common,Its newly grown legs prevent it from running. It appears to prefer swimming over trying to stand.,[60],{'unlimited': 'Legal'},,,,
base1-60,Base,Base,WOTC,First,1/9/1999,Ken Sugimori,Ponyta,60,['Fire'],Pokémon,['Basic'],10.0,40.0,,['Rapidash'],,"[{'name': 'Smash Kick', 'cost': ['Colorless', 'Colorless'], 'convertedEnergyCost': 2, 'damage': '20', 'text': ''}, {'name': 'Flame Tail', 'cost': ['Fire', 'Fire'], 'convertedEnergyCost': 2, 'damage': '30', 'text': ''}]","[{'type': 'Water', 'value': '×2'}]",['Colorless'],1.0,Common,Its hooves are 10 times harder than diamonds. It can trample anything flat in moments.,[77],{'unlimited': 'Legal'},,,,
base1-61,Base,Base,WOTC,First,1/9/1999,Mitsuhiro Arita,Rattata,61,['Colorless'],Pokémon,['Basic'],9.0,30.0,,['Raticate'],,"[{'name': 'Bite', 'cost': ['Colorless'], 'convertedEnergyCost': 1, 'damage': '20', 'text': ''}]","[{'type': 'Fighting', 'value': '×2'}]",,,Common,"Bites anything when it attacks. Small and very quick, it is a common sight in many places.",[19],{'unlimited': 'Legal'},"[{'type': 'Psychic', 'value': '-30'}]",,,
base1-62,Base,Base,WOTC,First,1/9/1999,Ken Sugimori,Sandshrew,62,['Fighting'],Pokémon,['Basic'],12.0,40.0,,['Sandslash'],,"[{'name': 'Sand-attack', 'cost': ['Fighting'], 'convertedEnergyCost': 1, 'damage': '10', 'text': ""If the Defending Pokémon tries to attack during your opponent's next turn, your opponent flips a coin. If tails, that attack does nothing.""}]","[{'type': 'Grass', 'value': '×2'}]",['Colorless'],1.0,Common,Burrows deep underground in arid locations far from water. It only emerges to hunt for food.,[27],{'unlimited': 'Legal'},"[{'type': 'Lightning', 'value': '-30'}]",,,
base1-63,Base,Base,WOTC,First,1/9/1999,Mitsuhiro Arita,Squirtle,63,['Water'],Pokémon,['Basic'],8.0,40.0,,['Wartortle'],,"[{'name': 'Bubble', 'cost': ['Water'], 'convertedEnergyCost': 1, 'damage': '10', 'text': 'Flip a coin. If heads, the Defending Pokémon is now Paralyzed.'}, {'name': 'Withdraw', 'cost': ['Water', 'Colorless'], 'convertedEnergyCost': 2, 'damage': '', 'text': ""Flip a coin. If heads, prevent all damage done to Squirtle during your opponent's next turn. (Any other effects of attacks still happen.)""}]","[{'type': 'Lightning', 'value': '×2'}]",['Colorless'],1.0,Common,"After birth, its back swells and hardens into a shell. It powerfully sprays foam from its mouth.",[7],{'unlimited': 'Legal'},,,,
base1-64,Base,Base,WOTC,First,1/9/1999,Keiji Kinebuchi,Starmie,64,['Water'],Pokémon,['Stage 1'],28.0,60.0,Staryu,,,"[{'name': 'Recover', 'cost': ['Water', 'Water'], 'convertedEnergyCost': 2, 'damage': '', 'text': 'Discard 1 Water Energy card attached to Starmie in order to use this attack. Remove all damage counters from Starmie.'}, {'name': 'Star Freeze', 'cost': ['Water', 'Colorless', 'Colorless'], 'convertedEnergyCost': 3, 'damage': '20', 'text': 'Flip a coin. If heads, the Defending Pokémon is now Paralyzed.'}]","[{'type': 'Lightning', 'value': '×2'}]",['Colorless'],1.0,Common,Its central core glows with the seven colors of the rainbow. Some people value this core as a gem.,[121],{'unlimited': 'Legal'},,,,
base1-65,Base,Base,WOTC,First,1/9/1999,Keiji Kinebuchi,Staryu,65,['Water'],Pokémon,['Basic'],15.0,40.0,,['Starmie'],,"[{'name': 'Slap', 'cost': ['Water'], 'convertedEnergyCost': 1, 'damage': '20', 'text': ''}]","[{'type': 'Lightning', 'value': '×2'}]",['Colorless'],1.0,Common,An enigmatic Pokémon that can effortlessly regenerate any appendage it loses in battle.,[120],{'unlimited': 'Legal'},,,,
base1-66,Base,Base,WOTC,First,1/9/1999,Mitsuhiro Arita,Tangela,66,['Grass'],Pokémon,['Basic'],8.0,50.0,,['Tangrowth'],,"[{'name': 'Bind', 'cost': ['Grass', 'Colorless'], 'convertedEnergyCost': 2, 'damage': '20', 'text': 'Flip a coin. If heads, the Defending Pokémon is now Paralyzed.'}, {'name': 'Poisonpowder', 'cost': ['Grass', 'Grass', 'Grass'], 'convertedEnergyCost': 3, 'damage': '20', 'text': 'The Defending Pokémon is now Poisoned.'}]","[{'type': 'Fire', 'value': '×2'}]","['Colorless', 'Colorless']",2.0,Common,Its whole body is swathed with wide vines that are similar to seaweed. These vines shake as it walks.,[114],{'unlimited': 'Legal'},,,,
base1-67,Base,Base,WOTC,First,1/9/1999,Keiji Kinebuchi,Voltorb,67,['Lightning'],Pokémon,['Basic'],10.0,40.0,,['Electrode'],,"[{'name': 'Tackle', 'cost': ['Colorless'], 'convertedEnergyCost': 1, 'damage': '10', 'text': ''}]","[{'type': 'Fighting', 'value': '×2'}]",['Colorless'],1.0,Common,"Usually found in power plants. Easily mistaken for a Monster Ball, it has zapped many people.",[100],{'unlimited': 'Legal'},,,,
base1-68,Base,Base,WOTC,First,1/9/1999,Ken Sugimori,Vulpix,68,['Fire'],Pokémon,['Basic'],11.0,50.0,,['Ninetales'],,"[{'name': 'Confuse Ray', 'cost': ['Fire', 'Fire'], 'convertedEnergyCost': 2, 'damage': '10', 'text': 'Flip a coin. If heads, the Defending Pokémon is now Confused.'}]","[{'type': 'Water', 'value': '×2'}]",['Colorless'],1.0,Common,"At the time of birth, it has just one tail. Its tail splits from the tip as it grows older.",[37],{'unlimited': 'Legal'},,,,
base1-69,Base,Base,WOTC,First,1/9/1999,Mitsuhiro Arita,Weedle,69,['Grass'],Pokémon,['Basic'],12.0,40.0,,['Kakuna'],,"[{'name': 'Poison Sting', 'cost': ['Grass'], 'convertedEnergyCost': 1, 'damage': '10', 'text': 'Flip a coin. If heads, the Defending Pokémon is now Poisoned.'}]","[{'type': 'Fire', 'value': '×2'}]",['Colorless'],1.0,Common,"Often found in forests, eating leaves. It has a sharp, venomous stinger on its head.",[13],"{'unlimited': 'Legal', 'expanded': 'Legal'}",,,,
base1-70,Base,Base,WOTC,First,1/9/1999,Keiji Kinebuchi,Clefairy Doll,70,,Trainer,,,10.0,,,,,,,,Rare,,,{'unlimited': 'Legal'},,"[""Play Clefairy Doll as if it were a Basic Pokémon. While in play, Clefairy Doll counts a a Pokémon (instead of a Trainer card). Clefairy Doll has no attacks, can't retreat, and can't be Asleep, Confused, Paralyzed, or Poisoned. If Clefairy Doll is Knocked Out, it doesn't count as a Knocked Out Pokémon. At any time during your turn before your attack, you may discard Clefairy Doll.""]",,
base1-71,Base,Base,WOTC,First,1/9/1999,Keiji Kinebuchi,Computer Search,71,,Trainer,,,,,,,,,,,Rare,,,{'unlimited': 'Legal'},,['Discard 2 of the other cards from your hand in order to search your deck for any card and put it into your hand. Shuffle your deck afterward.'],,
base1-72,Base,Base,WOTC,First,1/9/1999,Keiji Kinebuchi,Devolution Spray,72,,Trainer,,,,,,,,,,,Rare,,,{'unlimited': 'Legal'},,"['Choose 1 of your own Pokémon in play and a Stage of Evolution. Discard all Evolution cards of that Stage or higher attached to that Pokémon. That Pokémon is no longer Asleep, Confused, Paralyzed, Poisoned, or anything else that might be the result of an attack (just as if you had evolved it).']",,
base1-73,Base,Base,WOTC,First,1/9/1999,Ken Sugimori,Impostor Professor Oak,73,,Trainer,,,,,,,,,,,Rare,,,{'unlimited': 'Legal'},,"['Your opponent shuffles his or her hand into his or her deck, then draws 7 cards.']",,
base1-74,Base,Base,WOTC,First,1/9/1999,Keiji Kinebuchi,Item Finder,74,,Trainer,,,,,,,,,,,Rare,,,{'unlimited': 'Legal'},,['Discard 2 of the other cards from your hand in order to put a Trainer card from your discard pile into your hand.'],,
base1-75,Base,Base,WOTC,First,1/9/1999,Ken Sugimori,Lass,75,,Trainer,,,,,,,,,,,Rare,,,{'unlimited': 'Legal'},,"['You and your opponent show each other your hands, then shuffle all the Trainer cards from your hands into your decks.']",,
base1-76,Base,Base,WOTC,First,1/9/1999,Ken Sugimori,Pokémon Breeder,76,,Trainer,,,,,,,,,,,Rare,,,{'unlimited': 'Legal'},,['Put a Stage 2 Evolution card from your hand on the matching Basic Pokémon. You can only play this card when you would be allowed to evolve that Pokémon anyway.'],,
base1-77,Base,Base,WOTC,First,1/9/1999,Ken Sugimori,Pokémon Trader,77,,Trainer,,,,,,,,,,,Rare,,,{'unlimited': 'Legal'},,['Trade 1 of the Basic Pokémon or Evolution cards in your hand for 1 of the Basic Pokémon or Evolution cards from your deck. Show both cards to your opponent. Shuffle your deck afterward.'],,
base1-78,Base,Base,WOTC,First,1/9/1999,Keiji Kinebuchi,Scoop Up,78,,Trainer,,,,,,,,,,,Rare,,,{'unlimited': 'Legal'},,['Choose 1 of your Pokémon in play and return its Basic Pokémon card to your hand. (Discard all cards attached to that card.)'],,
base1-79,Base,Base,WOTC,First,1/9/1999,Keiji Kinebuchi,Super Energy Removal,79,,Trainer,,,,,,,,,,,Rare,,,{'unlimited': 'Legal'},,"[""Discard 1 Energy card attached to 1 of your Pokémon in order to choose 1 of your opponent's Pokémon and up to 2 Energy cards attached to it. Discard those Energy cards.""]",,
base1-80,Base,Base,WOTC,First,1/9/1999,Keiji Kinebuchi,Defender,80,,Trainer,,,,,,,,,,,Uncommon,,,{'unlimited': 'Legal'},,"[""Attach Defender to 1 of your Pokémon. At the end of your opponent's next turn, discard Defender. Damage done to that Pokémon by attacks is reduced by 20 (after applying Weakness and Resistance).""]",,
base1-81,Base,Base,WOTC,First,1/9/1999,Keiji Kinebuchi,Energy Retrieval,81,,Trainer,,,,,,,,,,,Uncommon,,,"{'unlimited': 'Legal', 'standard': 'Legal', 'expanded': 'Legal'}",,['Trade 1 of the other cards in your hand for up to 2 basic Energy cards from your discard pile.'],,
base1-82,Base,Base,WOTC,First,1/9/1999,Keiji Kinebuchi,Full Heal,82,,Trainer,,,,,,,,,,,Uncommon,,,{'unlimited': 'Legal'},,"['Your Active Pokémon is no longer Asleep, Confused, Paralyzed, or Poisoned.']",,
base1-83,Base,Base,WOTC,First,1/9/1999,Keiji Kinebuchi,Maintenance,83,,Trainer,,,,,,,,,,,Uncommon,,,"{'unlimited': 'Legal', 'expanded': 'Legal'}",,['Shuffle 2 of the other cards from your hand into your deck in order to draw a card.'],,
base1-84,Base,Base,WOTC,First,1/9/1999,Keiji Kinebuchi,PlusPower,84,,Trainer,,,,,,,,,,,Uncommon,,,"{'unlimited': 'Legal', 'expanded': 'Legal'}",,"[""Attach PlusPower to your Active Pokémon. At the end of your turn, discard PlusPower. If this Pokémon's attack does damage to the Defending Pokémon (after applying Weakness and Resistance), the attack does 10 more damage to the Defending Pokémon.""]",,
base1-85,Base,Base,WOTC,First,1/9/1999,Keiji Kinebuchi,Pokémon Center,85,,Trainer,,,,,,,,,,,Uncommon,,,{'unlimited': 'Legal'},,"['Remove all damage counters from all of your own Pokémon with damage counters on them, then discard all Energy cards attached to those Pokémon.']",,
base1-86,Base,Base,WOTC,First,1/9/1999,Keiji Kinebuchi,Pokémon Flute,86,,Trainer,,,,,,,,,,,Uncommon,,,{'unlimited': 'Legal'},,"[""Choose 1 Basic Pokémon card from your opponent's discard pile and put it onto his or her Bench. (You can't play Pokémon Flute if your opponent's Bench is full.)""]",,
base1-87,Base,Base,WOTC,First,1/9/1999,Keiji Kinebuchi,Pokédex,87,,Trainer,,,,,,,,,,,Uncommon,,,"{'unlimited': 'Legal', 'expanded': 'Legal'}",,['Look at up to 5 cards from the top of your deck and rearrange them as you like.'],,
base1-88,Base,Base,WOTC,First,1/9/1999,Ken Sugimori,Professor Oak,88,,Trainer,,,,,,,,,,,Uncommon,,,{'unlimited': 'Legal'},,"['Discard your hand, then draw 7 cards.']",,
base1-89,Base,Base,WOTC,First,1/9/1999,Keiji Kinebuchi,Revive,89,,Trainer,,,,,,,,,,,Uncommon,,,{'unlimited': 'Legal'},,"[""Put 1 Basic Pokémon card from your discard pile onto your Bench. Put damage counters on that Pokémon equal to half its HP (rounded down to the nearest 10). (You can't play Revive if your Bench is full.)""]",,
base1-90,Base,Base,WOTC,First,1/9/1999,Keiji Kinebuchi,Super Potion,90,,Trainer,,,,,,,,,,,Uncommon,,,{'unlimited': 'Legal'},,['Discard 1 Energy card attached to your own Pokémon in order to remove up to 4 damage counters from that Pokémon.'],,
base1-91,Base,Base,WOTC,First,1/9/1999,Ken Sugimori,Bill,91,,Trainer,,,,,,,,,,,Common,,,{'unlimited': 'Legal'},,['Draw 2 cards.'],,
base1-92,Base,Base,WOTC,First,1/9/1999,Keiji Kinebuchi,Energy Removal,92,,Trainer,,,,,,,,,,,Common,,,{'unlimited': 'Legal'},,"[""Choose 1 Energy card attached to 1 of your opponent's Pokémon and discard it.""]",,
base1-93,Base,Base,WOTC,First,1/9/1999,Keiji Kinebuchi,Gust of Wind,93,,Trainer,,,,,,,,,,,Common,,,{'unlimited': 'Legal'},,"[""Choose 1 of your opponent's Benched Pokémon and switch it with his or her Active Pokémon.""]",,
base1-94,Base,Base,WOTC,First,1/9/1999,Keiji Kinebuchi,Potion,94,,Trainer,,,,,,,,,,,Common,,,"{'unlimited': 'Legal', 'standard': 'Legal', 'expanded': 'Legal'}",,['Remove up to 2 damage counters from 1 of your Pokémon.'],,
base1-95,Base,Base,WOTC,First,1/9/1999,Keiji Kinebuchi,Switch,95,,Trainer,,,,,,,,,,,Common,,,"{'unlimited': 'Legal', 'standard': 'Legal', 'expanded': 'Legal'}",,['Switch 1 of your own Benched Pokémon with your Active Pokémon.'],,
base1-96,Base,Base,WOTC,First,1/9/1999,Keiji Kinebuchi,Double Colorless Energy,96,,Energy,['Special'],,,,,,,,,,Uncommon,,,"{'unlimited': 'Legal', 'expanded': 'Legal'}",,"[""Provides ColorlessColorless energy.\nDoesn't count as a basic Energy card.""]",,
base1-97,Base,Base,WOTC,First,1/9/1999,Keiji Kinebuchi,Fighting Energy,97,,Energy,['Basic'],,,,,,,,,,,,,"{'unlimited': 'Legal', 'standard': 'Legal', 'expanded': 'Legal'}",,,,
base1-98,Base,Base,WOTC,First,1/9/1999,Keiji Kinebuchi,Fire Energy,98,,Energy,['Basic'],,,,,,,,,,,,,"{'unlimited': 'Legal', 'standard': 'Legal', 'expanded': 'Legal'}",,,,
base1-99,Base,Base,WOTC,First,1/9/1999,Keiji Kinebuchi,Grass Energy,99,,Energy,['Basic'],,,,,,,,,,,,,"{'unlimited': 'Legal', 'standard': 'Legal', 'expanded': 'Legal'}",,,,
base1-100,Base,Base,WOTC,First,1/9/1999,Keiji Kinebuchi,Lightning Energy,100,,Energy,['Basic'],,,,,,,,,,,,,"{'unlimited': 'Legal', 'standard': 'Legal', 'expanded': 'Legal'}",,,,
